Input,Entry
MUC5B_HUMAN,Q9HC84
NOL11_HUMAN,Q9H8H0
COPG2_HUMAN,Q9UBF2
GNAS2_HUMAN,P63092
SSRD_HUMAN,P51571
UBE2A_HUMAN,P49459
ABHD2_HUMAN,P08910
ALDOA_HUMAN,P04075
ANM1_HUMAN,Q99873
APOL1_HUMAN,O14791
ARRD1_HUMAN,Q8N5I2
AXA2L_HUMAN,A6NMY6
BCLF1_HUMAN,Q9NYF8
COF1_HUMAN,P23528
EF2_HUMAN,P13639
EIF3E_HUMAN,P60228
FLNA_HUMAN,P21333
GILT_HUMAN,P13284
GMPR2_HUMAN,Q9P2T1
KI67_HUMAN,P46013
LAS1L_HUMAN,Q9Y4W2
MTL2B_HUMAN,Q6P1Q9
MYBB_HUMAN,P10244
NAA10_HUMAN,P41227
NUCL_HUMAN,P19338
OAS3_HUMAN,Q9Y6K5
PAG16_HUMAN,P53816
PSMD6_HUMAN,Q15008
RB11A_HUMAN,P62491
RBBP4_HUMAN,Q09028
RFA1_HUMAN,P27694
RL10A_HUMAN,P62906
S39A6_HUMAN,Q13433
STAT3_HUMAN,P40763
2AAA_HUMAN,P30153
ADCY2_HUMAN,Q08462
ANO6_HUMAN,Q4KMQ2
AP2A_HUMAN,P05549
APOL2_HUMAN,Q9BQE5
AREG_HUMAN,P15514
ARP2_HUMAN,P61160
BMPR2_HUMAN,Q13873
CASL_HUMAN,Q14511
CCND1_HUMAN,P24385
CCS_HUMAN,O14618
CD151_HUMAN,P48509
CELF1_HUMAN,Q92879
CELR2_HUMAN,Q9HCU4
CENPO_HUMAN,Q9BU64
CHD9_HUMAN,Q3L8U1
CHERP_HUMAN,Q8IWX8
CIRBP_HUMAN,Q14011
CIZ1_HUMAN,Q9ULV3
COIL_HUMAN,P38432
COPD_HUMAN,P48444
COPE_HUMAN,O14579
CP013_HUMAN,Q96S19
CP51A_HUMAN,Q16850
CPNE6_HUMAN,O95741
CPNS1_HUMAN,P04632
CSN7A_HUMAN,Q9UBW8
CTNB1_HUMAN,P35222
DCOR_HUMAN,P11926
DDX27_HUMAN,Q96GQ7
DDX50_HUMAN,Q9BQ39
DESP_HUMAN,P15924
DGKI_HUMAN,O75912
DPP9_HUMAN,Q86TI2
DSC1_HUMAN,Q08554
DSG1_HUMAN,Q02413
DYHC1_HUMAN,Q14204
EMD_HUMAN,P50402
ERG1_HUMAN,Q14534
EXOS1_HUMAN,Q9Y3B2
EXOS6_HUMAN,Q5RKV6
FAIM1_HUMAN,Q9NVQ4
FXR1_HUMAN,P51114
FZR_HUMAN,Q9UM11
GBB2_HUMAN,P62879
GEPH_HUMAN,Q9NQX3
GNAI2_HUMAN,P04899
GPX2_HUMAN,P18283
GREB1_HUMAN,Q4ZG55
H33_HUMAN,P84243
HNRCL_HUMAN,O60812
HPBP1_HUMAN,Q9NZL4
HSPB8_HUMAN,Q9UJY1
IF4A1_HUMAN,P60842
IFIT3_HUMAN,O14879
IMA5_HUMAN,P52294
KDM4A_HUMAN,O75164
KDM5B_HUMAN,Q9UGL1
KLC1_HUMAN,Q07866
MACF4_HUMAN,Q9UPN3
MAGD2_HUMAN,Q9UNF1
MARK3_HUMAN,P27448
MELPH_HUMAN,Q9BV36
MLH1_HUMAN,P40692
MLL3_HUMAN,Q8NEZ4
MON2_HUMAN,Q7Z3U7
MYO1B_HUMAN,O43795
NDC80_HUMAN,O14777
NDK3_HUMAN,Q13232
NDUBA_HUMAN,O96000
NEP1_HUMAN,Q92979
NIBL1_HUMAN,Q96TA1
NP1L1_HUMAN,P55209
NRDC_HUMAN,O43847
OCTC_HUMAN,Q9UKG9
OR7A5_HUMAN,Q15622
OSB10_HUMAN,Q9BXB5
OST48_HUMAN,P39656
OTUD5_HUMAN,Q96G74
P85A_HUMAN,P27986
PAK3_HUMAN,O75914
PALLD_HUMAN,Q8WX93
PCBP2_HUMAN,Q15366
PCM1_HUMAN,Q15154
PDCD6_HUMAN,O75340
PDIA4_HUMAN,P13667
PDS5A_HUMAN,Q29RF7
PIPSL_HUMAN,A2A3N6
PLAK_HUMAN,P14923
PLK2_HUMAN,Q9NYY3
PPR3A_HUMAN,Q16821
PR285_HUMAN,Q9BYK8
PRC2B_HUMAN,Q5JSZ5
PSB4_HUMAN,P28070
PSD12_HUMAN,O00232
PTPRU_HUMAN,Q92729
PYGL_HUMAN,P06737
RAN_HUMAN,P62826
RCC1_HUMAN,P18754
RCOR1_HUMAN,Q9UKL0
RIR2_HUMAN,P31350
RL26_HUMAN,P61254
RL8_HUMAN,P62917
RM49_HUMAN,Q13405
RN114_HUMAN,Q9Y508
RPB1_HUMAN,P24928
RRP44_HUMAN,Q9Y2L1
RS23_HUMAN,P62266
RS3A_HUMAN,P61247
RU1C_HUMAN,P09234
S38A2_HUMAN,Q96QD8
S61A1_HUMAN,P61619
SAMD9_HUMAN,Q5K651
SBDS_HUMAN,Q9Y3A5
SEH1_HUMAN,Q96EE3
SLFN5_HUMAN,Q08AF3
SMBP2_HUMAN,P38935
SMCR8_HUMAN,Q8TEV9
SND1_HUMAN,Q7KZF4
SNTB2_HUMAN,Q13425
SNX18_HUMAN,Q96RF0
SNX4_HUMAN,O95219
SPTB2_HUMAN,Q01082
SRP54_HUMAN,P61011
SRSF9_HUMAN,Q13242
SRXN1_HUMAN,Q9BYN0
STAT1_HUMAN,P42224
STAT2_HUMAN,P52630
SUGP1_HUMAN,Q8IWZ8
SYNE2_HUMAN,Q8WXH0
SYNJ1_HUMAN,O43426
SYTL2_HUMAN,Q9HCH5
T132A_HUMAN,Q24JP5
TAP1_HUMAN,Q03518
TCPQ_HUMAN,P50990
TCTP_HUMAN,P13693
TDRD1_HUMAN,Q9BXT4
TF3C1_HUMAN,Q12789
TMED3_HUMAN,Q9Y3Q3
TMEDA_HUMAN,P49755
TNPO2_HUMAN,O14787
TRI22_HUMAN,Q8IYM9
TRI25_HUMAN,Q14258
TRI33_HUMAN,Q9UPN9
TRI37_HUMAN,O94972
U520_HUMAN,O75643
UBP19_HUMAN,O94966
UBXN4_HUMAN,Q92575
VATF_HUMAN,Q16864
VINEX_HUMAN,O60504
VPS45_HUMAN,Q9NRW7
VPS53_HUMAN,Q5VIR6
VPS54_HUMAN,Q9P1Q0
WDR6_HUMAN,Q9NNW5
WRIP1_HUMAN,Q96S55
XPO2_HUMAN,P55060
XRCC6_HUMAN,P12956
ZER1_HUMAN,Q7Z7L7
ZN768_HUMAN,Q9H5H4
TSYL5_HUMAN,Q86VY4
ROA2_HUMAN,P22626
TI17B_HUMAN,O60830
HS90B_HUMAN,P08238
HS90A_HUMAN,P07900
1A68_HUMAN,P01891
YMEL1_HUMAN,Q96TA2
VAS1_HUMAN,Q15904
UBIM_HUMAN,P35544
TYB10_HUMAN,P63313
TS101_HUMAN,Q99816
TPC2L_HUMAN,Q9UL33
TOP2A_HUMAN,P11388
TIM13_HUMAN,Q9Y5L4
SYUG_HUMAN,O76070
STYX_HUMAN,Q8WUJ0
ST14_HUMAN,Q9Y5Y6
SSRB_HUMAN,P43308
SNX3_HUMAN,O60493
SMC3_HUMAN,Q9UQE7
SFXN3_HUMAN,Q9BWM7
SE1L1_HUMAN,Q9UBV2
SBNO1_HUMAN,A3KN83
SAMD1_HUMAN,Q6SPF0
RS19_HUMAN,P39019
ROA1_HUMAN,P09651
RL7_HUMAN,P18124
RL31_HUMAN,P62899
RL28_HUMAN,P46779
RL23A_HUMAN,P62750
RL19_HUMAN,P84098
RAD50_HUMAN,Q92878
PRLD1_HUMAN,Q9Y255
PHB_HUMAN,P35232
OCAD1_HUMAN,Q9NX40
OASL_HUMAN,Q15646
OAS1_HUMAN,P00973
NUP43_HUMAN,Q8NFH3
NRAM2_HUMAN,P49281
NPA1P_HUMAN,O60287
NONO_HUMAN,Q15233
NHLC2_HUMAN,Q8NBF2
MPCP_HUMAN,Q00325
ML12B_HUMAN,O14950
MEF2D_HUMAN,Q14814
MBOA7_HUMAN,Q96N66
MAPK2_HUMAN,P49137
LMNA_HUMAN,P02545
LEG3_HUMAN,P17931
ISG15_HUMAN,P05161
IQGA3_HUMAN,Q86VI3
INT8_HUMAN,Q75QN2
INCE_HUMAN,Q9NQS7
ILK_HUMAN,Q13418
IFIH1_HUMAN,Q9BYX4
IFI27_HUMAN,P40305
HSP7C_HUMAN,P11142
HNRPM_HUMAN,P52272
H90B2_HUMAN,Q58FF8
GTF2I_HUMAN,P78347
FUBP2_HUMAN,Q92945
FA83H_HUMAN,Q6ZRV2
EIF3C_HUMAN,Q99613
ECH1_HUMAN,Q13011
DUS1_HUMAN,P28562
DNJB6_HUMAN,O75190
DCD_HUMAN,P81605
CSTF1_HUMAN,Q05048
CSN4_HUMAN,Q9BT78
CRKL_HUMAN,P46109
COX6C_HUMAN,P09669
CLH1_HUMAN,Q00610
BR44L_HUMAN,Q9Y5U8
BACE2_HUMAN,Q9Y5Z0
ATOX1_HUMAN,O00244
ATF6A_HUMAN,P18850
ADAS_HUMAN,O00116
ACSL1_HUMAN,P33121
ACLY_HUMAN,P53396
UBB_HUMAN,P0CG47
RL32_HUMAN,P62910
SGT1_HUMAN,Q9Y2Z0
CALM_HUMAN,P0DP30
CALM_HUMAN,P0DP31
CALM_HUMAN,P0DP33
CALM_HUMAN,P0DP23
CALM_HUMAN,P0DP34
CALM_HUMAN,P0DP24
CALM_HUMAN,P0DP35
CALM_HUMAN,P0DP25
CALM_HUMAN,P62160
CALM_HUMAN,P62144
CALM_HUMAN,P62156
CALM_HUMAN,P62146
CALM_HUMAN,P62157
CALM_HUMAN,P62150
CALM_HUMAN,P62151
CALM_HUMAN,P0DP26
CALM_HUMAN,P0DP27
CALM_HUMAN,P0DP28
CALM_HUMAN,P0DP29
CALM_HUMAN,P62149
IF4G1_HUMAN,Q04637
NDUA6_HUMAN,P56556
ACSL4_HUMAN,O60488
AP2M1_HUMAN,Q96CW1
APBP2_HUMAN,Q92624
APOB_HUMAN,P04114
BACE1_HUMAN,P56817
BAZ1B_HUMAN,Q9UIG0
BIG1_HUMAN,Q9Y6D6
BIRC6_HUMAN,Q9NR09
BRD8_HUMAN,Q9H0E9
CA043_HUMAN,Q9BWL3
CA151_HUMAN,Q5TGZ0
MOS1_HUMAN,Q5TGZ0
CAC1F_HUMAN,O60840
CAPR1_HUMAN,Q14444
CAR10_HUMAN,Q9BWT7
CBP_HUMAN,Q92793
CCNB1_HUMAN,P14635
CCZ1B_HUMAN,P86790
CCZ1L_HUMAN,P86790
CD046_HUMAN,Q504U0
CK089_HUMAN,A8MZF0
COMD4_HUMAN,Q9H0A8
CPSF1_HUMAN,Q10570
CRNL1_HUMAN,Q9BZJ0
CTBP2_HUMAN,P56545
CTNA1_HUMAN,P35221
CTNA2_HUMAN,P26232
CX056_HUMAN,Q9H5V9
CX6A1_HUMAN,P12074
CX6B1_HUMAN,P14854
DAAM1_HUMAN,Q9Y4D1
DHAK_HUMAN,Q3LXA3
DNJC2_HUMAN,Q99543
DNLI1_HUMAN,P18858
EF1G_HUMAN,P26641
EIF3M_HUMAN,Q7L2H7
EMAL2_HUMAN,O95834
EMAL3_HUMAN,Q32P44
EPN4_HUMAN,Q14677
F115A_HUMAN,Q9Y4C2
FA46A_HUMAN,Q96IP4
FCF1_HUMAN,Q9Y324
FFR_HUMAN,Q9UID3
FKBP9_HUMAN,O95302
FSCN2_HUMAN,O14926
FUCO2_HUMAN,Q9BTY2
GATA6_HUMAN,Q92908
GBLP_HUMAN,P63244
GNA11_HUMAN,P29992
GP182_HUMAN,O15218
GPR25_HUMAN,O00155
H1X_HUMAN,Q92522
HEXB_HUMAN,P07686
HNRL1_HUMAN,Q9BUJ2
HNRPD_HUMAN,Q14103
HNRPU_HUMAN,Q00839
HTRA2_HUMAN,O43464
IFI6_HUMAN,P09912
IMPG2_HUMAN,Q9BZV3
INT2_HUMAN,Q9H0H0
IRF9_HUMAN,Q00978
ITAV_HUMAN,P06756
JADE2_HUMAN,Q9NQC1
JUN_HUMAN,P05412
K0100_HUMAN,Q14667
KAT2B_HUMAN,Q92831
LAT1N_HUMAN,Q8MH63
LRIF1_HUMAN,Q5T3J3
LZTS2_HUMAN,Q9BRK4
MBIP1_HUMAN,Q9NS73
MCM7_HUMAN,P33993
MKL2_HUMAN,Q9ULH7
MKLN1_HUMAN,Q9UL63
MKRN2_HUMAN,Q9H000
MYO5C_HUMAN,Q9NQX4
NBEL2_HUMAN,Q6ZNJ1
NCK5L_HUMAN,Q9HCH0
NF2L2_HUMAN,Q16236
NHRF1_HUMAN,O14745
NMD3_HUMAN,Q96D46
NOB1_HUMAN,Q9ULX3
NOMO3_HUMAN,P69849
NUP93_HUMAN,Q8N1F7
ORC2_HUMAN,Q13416
PAR6B_HUMAN,Q9BYG5
PEPL_HUMAN,O60437
PLRG1_HUMAN,O43660
POGK_HUMAN,Q9P215
PRDX5_HUMAN,P30044
PTBP1_HUMAN,P26599
RAGP1_HUMAN,P46060
RBL1_HUMAN,P28749
RBM28_HUMAN,Q9NW13
RGAP1_HUMAN,Q9H0H5
RGPD3_HUMAN,A6NKT7
RHG10_HUMAN,A1A4S6
RS21_HUMAN,P63220
RSPH3_HUMAN,Q86UC2
SAC2_HUMAN,Q9Y2H2
SBNO2_HUMAN,Q9Y2G9
SF3B4_HUMAN,Q15427
SGCB_HUMAN,Q16585
SGOL1_HUMAN,Q5FBB7
SRA1_HUMAN,Q9HD15
SUGP2_HUMAN,Q8IX01
SUV91_HUMAN,O43463
TADA1_HUMAN,Q96BN2
TBB4_HUMAN,Q13509
TBB4A_HUMAN,P04350
TBB4_HUMAN,P04350
TBCD7_HUMAN,Q9P0N9
TCF25_HUMAN,Q9BQ70
TPPC4_HUMAN,Q9Y296
TTC35_HUMAN,Q15006
UBE2B_HUMAN,P63146
UBP14_HUMAN,P54578
VWCE_HUMAN,Q96DN2
WDR91_HUMAN,A4D1P6
WWP1_HUMAN,Q9H0M0
XPO1_HUMAN,O14980
YC006_HUMAN,Q6ZUG5
ZN363_HUMAN,Q96PM5
AIM1_HUMAN,Q9Y4K1
ERGI3_HUMAN,Q9Y282
F125A_HUMAN,Q96EY5
FSIP1_HUMAN,Q8NA03
HES1_HUMAN,Q14469
HNRPK_HUMAN,P61978
IFIT2_HUMAN,P09913
K1C19_HUMAN,P08727
POF1B_HUMAN,Q8WVV4
RL13_HUMAN,P26373
RS13_HUMAN,P62277
SBSN_HUMAN,Q6UWP8
SRS11_HUMAN,Q05519
SUSD3_HUMAN,Q96L08
TCPA_HUMAN,P17987
TMX2_HUMAN,Q9Y320
TPD52_HUMAN,P55327
XRCC5_HUMAN,P13010
EPIPL_HUMAN,P58107
EIF3D_HUMAN,O15371
HNRPL_HUMAN,P14866
PRP4_HUMAN,O43172
PSMD4_HUMAN,P55036
ADA10_HUMAN,O14672
ASPM_HUMAN,Q8IZT6
ATS14_HUMAN,Q8WXS8
BAZ2A_HUMAN,Q9UIF9
CCNB2_HUMAN,O95067
CDKA2_HUMAN,O75956
CDT1_HUMAN,Q9H211
COPB_HUMAN,P53618
COPG1_HUMAN,Q9Y678
CSDE1_HUMAN,O75534
CUL1_HUMAN,Q13616
DAPK3_HUMAN,O43293
DAZP2_HUMAN,Q15038
EF1D_HUMAN,P29692
EIF3K_HUMAN,Q9UBQ5
ELF1_HUMAN,P32519
ERP29_HUMAN,P30040
EWS_HUMAN,Q01844
F10A1_HUMAN,P50502
FA46B_HUMAN,Q96A09
FADS2_HUMAN,O95864
FAS_HUMAN,P49327
FILA2_HUMAN,Q5D862
FUS_HUMAN,P35637
GOGB1_HUMAN,Q14789
GPAT2_HUMAN,Q6NUI2
GPN2_HUMAN,Q9H9Y4
GPX1_HUMAN,P07203
HNRH1_HUMAN,P31943
IF1AY_HUMAN,O14602
IFM1_HUMAN,P13164
K1324_HUMAN,Q6UXG2
K1737_HUMAN,Q9C0C6
KANK1_HUMAN,Q14678
LAP2_HUMAN,Q96RT1
LAP2A_HUMAN,P42166
MOV10_HUMAN,Q9HCE1
MTCH1_HUMAN,Q9NZJ7
MYL1_HUMAN,P05976
NBN_HUMAN,O60934
NOP10_HUMAN,Q9NPE3
OSMR_HUMAN,Q99650
P20L1_HUMAN,A8MW92
PAR14_HUMAN,Q460N5
PDCD4_HUMAN,Q53EL6
PI51A_HUMAN,Q99755
PM34_HUMAN,O43808
POMP_HUMAN,Q9Y244
POP7_HUMAN,O75817
PPCEL_HUMAN,Q4J6C6
PRPF3_HUMAN,O43395
PSA5_HUMAN,P28066
RAB3D_HUMAN,O95716
RL27_HUMAN,P61353
RL30_HUMAN,P62888
RL5_HUMAN,P46777
RP1BL_HUMAN,A6NIZ1
S35B1_HUMAN,P78383
SLMO2_HUMAN,Q9Y3B1
TB182_HUMAN,Q9C0C2
TCPB_HUMAN,P78371
TDIF2_HUMAN,Q5QJE6
TIAR_HUMAN,Q01085
TIG3_HUMAN,Q9UL19
TXD15_HUMAN,Q96J42
WBP2_HUMAN,Q969T9
XPO5_HUMAN,Q9HAV4
YTHD1_HUMAN,Q9BYJ9
YTHD3_HUMAN,Q7Z739
ZN318_HUMAN,Q5VUA4
ZN706_HUMAN,Q9Y5V0
ZNFX1_HUMAN,Q9P2E3
AWAT1_HUMAN,Q58HT5
CHM4C_HUMAN,Q96CF2
FEM1C_HUMAN,Q96JP0
GPC5C_HUMAN,Q9NQ84
HTRA1_HUMAN,Q92743
MIF_HUMAN,P14174
PICAL_HUMAN,Q13492
SPB12_HUMAN,Q96P63
ZN365_HUMAN,Q70YC5
EIF3H_HUMAN,O15372
MPDZ_HUMAN,O75970
TIF1B_HUMAN,Q13263
ADR2_HUMAN,Q86V24
AP2B1_HUMAN,P63010
AR6P4_HUMAN,Q66PJ3
CDK9_HUMAN,P50750
CHD8_HUMAN,Q9HCK8
CYFP1_HUMAN,Q7L576
DAPLE_HUMAN,Q9P219
DC8L2_HUMAN,P0C7V8
FBX31_HUMAN,Q5XUX0
FND3B_HUMAN,Q53EP0
GPBP1_HUMAN,Q86WP2
GTD2B_HUMAN,Q6EKJ0
HNRL2_HUMAN,Q1KMD3
IRX5_HUMAN,P78411
MA6D1_HUMAN,Q9H9H5
MED1_HUMAN,Q15648
MP2K2_HUMAN,P36507
MUC1_HUMAN,P15941
NFAC3_HUMAN,Q12968
NKRF_HUMAN,O15226
PANK1_HUMAN,Q8TE04
PCDBI_HUMAN,Q96TA0
PI4KA_HUMAN,P42356
POC5_HUMAN,Q8NA72
PP1G_HUMAN,P36873
PP6R1_HUMAN,Q9UPN7
PPP6_HUMAN,O00743
PRC2C_HUMAN,Q9Y520
RABX5_HUMAN,Q9UJ41
RASN_HUMAN,P01111
RENR_HUMAN,O75787
SAFB1_HUMAN,Q15424
SERPH_HUMAN,P50454
SHLB1_HUMAN,Q9Y371
SMUF2_HUMAN,Q9HAU4
SNX12_HUMAN,Q9UMY4
SYC2L_HUMAN,Q5T4T6
SYMC_HUMAN,P56192
TBCD_HUMAN,Q9BTW9
TIMP2_HUMAN,P16035
TT39A_HUMAN,Q5SRH9
TXD12_HUMAN,O95881
URB2_HUMAN,Q14146
MMRN2_HUMAN,Q9H8L6
ESRP1_HUMAN,Q6NXG1
PCNA_HUMAN,P12004
SUN2_HUMAN,Q9UH99
TIM50_HUMAN,Q3ZCQ8
TTC9B_HUMAN,Q8N6N2
AAGAB_HUMAN,Q6PD74
ACTN4_HUMAN,O43707
ARID2_HUMAN,Q68CP9
ARY1_HUMAN,P18440
ATRN_HUMAN,O75882
BZW2_HUMAN,Q9Y6E2
CAP1_HUMAN,Q01518
CCPG1_HUMAN,Q9ULG6
CHFR_HUMAN,Q96EP1
CHM4B_HUMAN,Q9H444
CHMP7_HUMAN,Q8WUX9
CLD4_HUMAN,O14493
COX41_HUMAN,P13073
CRNN_HUMAN,Q9UBG3
DDX51_HUMAN,Q8N8A6
DJB12_HUMAN,Q9NXW2
DLRB1_HUMAN,Q9NP97
DNM1L_HUMAN,O00429
DNMT1_HUMAN,P26358
DOC2A_HUMAN,Q14183
FOXM1_HUMAN,Q08050
GLYC_HUMAN,P34896
GLYM_HUMAN,P34897
ITB4_HUMAN,P16144
KIF11_HUMAN,P52732
LARP4_HUMAN,Q71RC2
LCAP_HUMAN,Q9UIQ6
LIMC1_HUMAN,Q9UPQ0
LSR_HUMAN,Q86X29
MAON_HUMAN,Q16798
MIRO2_HUMAN,Q8IXI1
NFKB2_HUMAN,Q00653
NUDT5_HUMAN,Q9UKK9
OSPT_HUMAN,Q9UBS9
PADI2_HUMAN,Q9Y2J8
PAWR_HUMAN,Q96IZ0
PIGT_HUMAN,Q969N2
PIM1_HUMAN,P11309
PLK1_HUMAN,P53350
PO210_HUMAN,Q8TEM1
PXMP2_HUMAN,Q9NR77
RBM4_HUMAN,Q9BWF3
RLGPB_HUMAN,Q86X10
RPN2_HUMAN,P04844
SET_HUMAN,Q01105
SMRD2_HUMAN,Q92925
SOX2_HUMAN,P48431
SPSB3_HUMAN,Q6PJ21
TAF11_HUMAN,Q15544
TM245_HUMAN,Q9H330
TMTC3_HUMAN,Q6ZXV5
UEVLD_HUMAN,Q8IX04
VPS11_HUMAN,Q9H270
BHE40_HUMAN,O14503
ADNP_HUMAN,Q9H2P0
COPA_HUMAN,P53621
COPB2_HUMAN,P35606
DDTL_HUMAN,A6NHG4
G3BP1_HUMAN,Q13283
LIPA3_HUMAN,O75145
MED21_HUMAN,Q13503
SEP11_HUMAN,Q9NVA2
TNIP2_HUMAN,Q8NFZ5
ZHANG_HUMAN,Q9NS37
AQP3_HUMAN,Q92482
K1C14_HUMAN,P02533
ACHB2_HUMAN,P17787
BMS1_HUMAN,Q14692
CA021_HUMAN,Q9H246
CC169_HUMAN,A6NNP5
CCD56_HUMAN,Q9Y2R0
CDK6_HUMAN,Q00534
CN021_HUMAN,Q86U38
DCAF7_HUMAN,P61962
DDX60_HUMAN,Q8IY21
DHX8_HUMAN,Q14562
FILA_HUMAN,P20930
FPPS_HUMAN,P14324
HNRPR_HUMAN,O43390
IL1RA_HUMAN,P18510
K1C9_HUMAN,P35527
LMTK2_HUMAN,Q8IWU2
LTOR2_HUMAN,Q9Y2Q5
METK2_HUMAN,P31153
MIDN_HUMAN,Q504T8
NUDC_HUMAN,Q9Y266
PARP8_HUMAN,Q8N3A8
PELO_HUMAN,Q9BRX2
PLEC_HUMAN,Q15149
PMVK_HUMAN,Q15126
PSB9_HUMAN,P28065
RAB5A_HUMAN,P20339
RAD51_HUMAN,Q06609
RCOR3_HUMAN,Q9P2K3
RNZ2_HUMAN,Q9BQ52
RS4Y1_HUMAN,P22090
SCEL_HUMAN,O95171
SENP5_HUMAN,Q96HI0
SPB3_HUMAN,P29508
STAT6_HUMAN,P42226
STOM_HUMAN,P27105
SYLC_HUMAN,Q9P2J5
TADBP_HUMAN,Q13148
TAP2_HUMAN,Q03519
TOM34_HUMAN,Q15785
TXNIP_HUMAN,Q9H3M7
USF1_HUMAN,P22415
ZFY21_HUMAN,Q9BQ24
TCPE_HUMAN,P48643
MTCH2_HUMAN,Q9Y6C9
CAN1_HUMAN,P07384
CF072_HUMAN,Q9NU53
NDUC2_HUMAN,O95298
PHF1_HUMAN,O43189
RL3_HUMAN,P39023
ADT2_HUMAN,P05141
AT1B3_HUMAN,P54709
BI1_HUMAN,P55061
BIRC3_HUMAN,Q13489
TIDC1_HUMAN,Q9NPL8
CC001_HUMAN,Q9NPL8
DCTN1_HUMAN,Q14203
DDX54_HUMAN,Q8TDD1
DDX59_HUMAN,Q5T1V6
EIF1B_HUMAN,O60739
HS105_HUMAN,Q92598
KDM1A_HUMAN,O60341
MAD1_HUMAN,Q05195
NC2A_HUMAN,Q14919
RAD21_HUMAN,O60216
RL14_HUMAN,P50914
RL24_HUMAN,P83731
RPB3_HUMAN,P19387
RS11_HUMAN,P62280
RS18_HUMAN,P62269
SHPK_HUMAN,Q9UHJ6
STRN_HUMAN,O43815
TFAP4_HUMAN,Q01664
UB2J2_HUMAN,Q8N2K1
ZPR1_HUMAN,O75312
AATC2_HUMAN,Q8NHS2
ACAD9_HUMAN,Q9H845
ACAP2_HUMAN,Q15057
AGR2_HUMAN,O95994
AIFM1_HUMAN,O95831
AIFM2_HUMAN,Q9BRQ8
AP2S1_HUMAN,P53680
APRG1_HUMAN,Q8IVJ8
AROS_HUMAN,Q86WX3
ATAD2_HUMAN,Q6PL18
BARD1_HUMAN,Q99728
BRE1A_HUMAN,Q5VTR2
C1D_HUMAN,Q13901
CC120_HUMAN,Q96HB5
CDC5L_HUMAN,Q99459
CE170_HUMAN,Q5SW79
CENPR_HUMAN,Q13352
CHSS3_HUMAN,Q70JA7
CI130_HUMAN,Q8WZB0
CLCA1_HUMAN,A8K7I4
CLCN7_HUMAN,P51798
CMIP_HUMAN,Q8IY22
CO7A1_HUMAN,Q02388
COX15_HUMAN,Q7KZN9
COX2_HUMAN,P00403
COX7C_HUMAN,P15954
CYLD_HUMAN,Q9NQC7
DCTN6_HUMAN,O00399
DDX47_HUMAN,Q9H0S4
DHX37_HUMAN,Q8IY37
DHX9_HUMAN,Q08211
DSG2_HUMAN,Q14126
DTD1_HUMAN,Q8TEA8
DUS6_HUMAN,Q16828
ECHD1_HUMAN,Q9NTX5
ECI2_HUMAN,O75521
EHD4_HUMAN,Q9H223
EHMT1_HUMAN,Q9H9B1
EI2BE_HUMAN,Q13144
ELOV5_HUMAN,Q9NYP7
ETFB_HUMAN,P38117
FA83A_HUMAN,Q86UY5
FAF2_HUMAN,Q96CS3
FANCA_HUMAN,O15360
FBW1B_HUMAN,Q9UKB1
FBX11_HUMAN,Q86XK2
FIGN_HUMAN,Q5HY92
GCYB1_HUMAN,Q02153
GHITM_HUMAN,Q9H3K2
GLYR1_HUMAN,Q49A26
GNAI3_HUMAN,P08754
GNL3L_HUMAN,Q9NVN8
GPAT3_HUMAN,Q53EU6
GRDN_HUMAN,Q3V6T2
H2B1K_HUMAN,O60814
H2B3B_HUMAN,Q8N257
H4_HUMAN,P62805
HACD1_HUMAN,B0YJ81
HAGHL_HUMAN,Q6PII5
HCDH_HUMAN,Q16836
HELLS_HUMAN,Q9NRZ9
HHLA2_HUMAN,Q9UM44
IFM2_HUMAN,Q01629
IMA2L_HUMAN,A8MYJ9
IRF1_HUMAN,P10914
ITA6_HUMAN,P23229
K0090_HUMAN,Q8N766
K2018_HUMAN,Q68DE3
KBP_HUMAN,Q96EK5
KI20B_HUMAN,Q96Q89
LAMB3_HUMAN,Q13751
LRC63_HUMAN,Q05C16
LSMD1_HUMAN,Q9BRA0
M4K4_HUMAN,O95819
MED30_HUMAN,Q96HR3
MED6_HUMAN,O75586
METL9_HUMAN,Q9H1A3
MMP1_HUMAN,P03956
MMP10_HUMAN,P09238
MO4L1_HUMAN,Q9UBU8
MOSC1_HUMAN,Q5VT66
MPU1_HUMAN,O75352
MRP3_HUMAN,O15438
MSH2_HUMAN,P43246
MTDC_HUMAN,P13995
MX1_HUMAN,P20591
MYPT1_HUMAN,O14974
NACC1_HUMAN,Q96RE7
NCOA4_HUMAN,Q13772
NJMU_HUMAN,Q9HAS0
NOP56_HUMAN,O00567
NPM_HUMAN,P06748
NUP54_HUMAN,Q7Z3B4
ORC1_HUMAN,Q13415
PCAT2_HUMAN,Q7L5N7
PDIA6_HUMAN,Q15084
PEA15_HUMAN,Q15121
PGTB2_HUMAN,P53611
PHLP_HUMAN,Q13371
PLIN2_HUMAN,Q99541
PLOD1_HUMAN,Q02809
PLP2_HUMAN,Q04941
PMM1_HUMAN,Q92871
POTEF_HUMAN,A5A3E0
PP1B_HUMAN,P62140
PPHLN_HUMAN,Q8NEY8
PPIH_HUMAN,O43447
PQBP1_HUMAN,O60828
PRC2A_HUMAN,P48634
PRKDC_HUMAN,P78527
PSA1_HUMAN,P25786
PSB3_HUMAN,P49720
PSMD8_HUMAN,P48556
PUR9_HUMAN,P31939
RHBT3_HUMAN,O94955
RL15_HUMAN,P61313
RL18_HUMAN,Q07020
RLA2_HUMAN,P05387
RPOM_HUMAN,O00411
RRN3_HUMAN,Q9NYV6
RS16_HUMAN,P62249
RS2_HUMAN,P15880
RS26_HUMAN,P62854
RS3_HUMAN,P23396
RS5_HUMAN,P46782
RS7_HUMAN,P62081
RUBIC_HUMAN,Q92622
RUVB2_HUMAN,Q9Y230
S18L2_HUMAN,Q9UHA2
SC23B_HUMAN,Q15437
SDC4_HUMAN,P31431
SELN_HUMAN,Q9NZV5
SEM4B_HUMAN,Q9NPR2
SH2B3_HUMAN,Q9UQQ2
SHRM3_HUMAN,Q8TF72
SMC4_HUMAN,Q9NTJ3
SNG2L_HUMAN,A8MWL6
SNX14_HUMAN,Q9Y5W7
SPICE_HUMAN,Q8N0Z3
SPT13_HUMAN,Q96N96
SYDM_HUMAN,Q6PI48
TARA_HUMAN,Q9H2D6
TCPH_HUMAN,Q99832
TCPR2_HUMAN,O15040
TENS4_HUMAN,Q8IZW8
TIM23_HUMAN,O14925
TOPRS_HUMAN,Q9NS56
TPR_HUMAN,P12270
TPX2_HUMAN,Q9ULW0
TRI16_HUMAN,O95361
TRIM4_HUMAN,Q9C037
TSP1_HUMAN,P07996
TUSC3_HUMAN,Q13454
U5S1_HUMAN,Q15029
VATL_HUMAN,P27449
VATO_HUMAN,Q99437
VPS18_HUMAN,Q9P253
WDFY3_HUMAN,Q8IZQ1
YS059_HUMAN,Q8N7K9
ZBT16_HUMAN,Q05516
ZBTB4_HUMAN,Q9P1Z0
ZN507_HUMAN,Q8TCN5
CP1B1_HUMAN,Q16678
ACTB_HUMAN,P60709
DDX21_HUMAN,Q9NR30
AHR_HUMAN,P35869
DLG1_HUMAN,Q12959
KLH24_HUMAN,Q6TFL4
MATR3_HUMAN,P43243
NUP50_HUMAN,Q9UKX7
ORML2_HUMAN,Q53FV1
PJA1_HUMAN,Q8NG27
AP1M2_HUMAN,Q9Y6Q5
APOL3_HUMAN,O95236
CNOT1_HUMAN,A5YKK6
ECE1_HUMAN,P42892
ERGI1_HUMAN,Q969X5
F120A_HUMAN,Q9NZB2
HES4_HUMAN,Q9HCC6
ITB1_HUMAN,P05556
LSM4_HUMAN,Q9Y4Z0
MED15_HUMAN,Q96RN5
NU155_HUMAN,O75694
PRP6_HUMAN,O94906
SF3B1_HUMAN,O75533
SSF1_HUMAN,Q9NQ55
ST17A_HUMAN,Q9UEE5
STAG2_HUMAN,Q8N3U4
T2EA_HUMAN,P29083
A4_HUMAN,P05067
AACS_HUMAN,Q86V21
ABCBA_HUMAN,Q9NRK6
ABCD1_HUMAN,P33897
ACL6A_HUMAN,O96019
ACOD_HUMAN,O00767
AG10A_HUMAN,Q5BKT4
AGAP3_HUMAN,Q96P47
AK1A1_HUMAN,P14550
RN213_HUMAN,Q63HN8
ALO17_HUMAN,Q63HN8
AMPM2_HUMAN,P50579
ANK1_HUMAN,P16157
ANLN_HUMAN,Q9NQW6
AP4B1_HUMAN,Q9Y6B7
AR6P1_HUMAN,Q15041
ASAP3_HUMAN,Q8TDY4
AT1A1_HUMAN,P05023
AT8B1_HUMAN,O43520
ATN1_HUMAN,P54259
ATP5E_HUMAN,P56381
AXIN1_HUMAN,O15169
BAG6_HUMAN,P46379
BAHD1_HUMAN,Q8TBE0
BAI3_HUMAN,O60242
BGLR_HUMAN,P08236
BLM_HUMAN,P54132
BZW1_HUMAN,Q7L1Q6
CC127_HUMAN,Q96BQ5
CCD14_HUMAN,Q49A88
CD2A1_HUMAN,P42771
CDA7L_HUMAN,Q96GN5
CDC20_HUMAN,Q12834
CDKAL_HUMAN,Q5VV42
CENPM_HUMAN,Q9NSP4
CERU_HUMAN,P00450
CHSTC_HUMAN,Q9NRB3
CIR1A_HUMAN,Q969X6
CLD15_HUMAN,P56746
CN37_HUMAN,P09543
COG2_HUMAN,Q14746
CPSF5_HUMAN,O43809
CUL9_HUMAN,Q8IWT3
CV029_HUMAN,Q7L3V2
DDX56_HUMAN,Q9NY93
DERL1_HUMAN,Q9BUN8
DGLA_HUMAN,Q9Y4D2
DISP1_HUMAN,Q96F81
DMPK_HUMAN,Q09013
DNJC3_HUMAN,Q13217
DTBP1_HUMAN,Q96EV8
DTX3L_HUMAN,Q8TDB6
DTX4_HUMAN,Q9Y2E6
DUT_HUMAN,P33316
ECM29_HUMAN,Q5VYK3
EID2_HUMAN,Q8N6I1
EIF3I_HUMAN,Q13347
EKI1_HUMAN,Q9HBU6
ERCC2_HUMAN,P18074
EZRI_HUMAN,P15311
FA2H_HUMAN,Q7L5A8
FANCL_HUMAN,Q9NW38
FBX34_HUMAN,Q9NWN3
FBX7_HUMAN,Q9Y3I1
FNBP2_HUMAN,O75044
G3P_HUMAN,P04406
G6PI_HUMAN,P06744
GCN1L_HUMAN,Q92616
HAUS1_HUMAN,Q96CS2
HDAC1_HUMAN,Q13547
HNRPQ_HUMAN,O60506
HTR5B_HUMAN,Q9P2D3
IF122_HUMAN,Q9HBG6
IF4A3_HUMAN,P38919
ILEU_HUMAN,P30740
IMA1_HUMAN,P52292
IMA2_HUMAN,P52292
ITB6_HUMAN,P18564
K0664_HUMAN,O75153
K0889_HUMAN,O94964
KC1A_HUMAN,P48729
KPCI_HUMAN,P41743
KS6A1_HUMAN,Q15418
LASP1_HUMAN,Q14847
LEG9_HUMAN,O00182
M3K6_HUMAN,O95382
MAGBI_HUMAN,Q96M61
MAX_HUMAN,P61244
MCM3_HUMAN,P25205
MCM6_HUMAN,Q14566
MECP2_HUMAN,P51608
MERL_HUMAN,P35240
MET_HUMAN,P08581
MFAP3_HUMAN,P55082
MFGM_HUMAN,Q08431
MIA2_HUMAN,Q96PC5
MMP7_HUMAN,P09237
MPRI_HUMAN,P11717
MRF_HUMAN,Q9Y2G1
MX2_HUMAN,P20592
MYO10_HUMAN,Q9HD67
MYO6_HUMAN,Q9UM54
NACA_HUMAN,Q13765
NGDN_HUMAN,Q8NEJ9
NHDC2_HUMAN,Q86UD5
NID2_HUMAN,Q14112
NO66_HUMAN,Q9H6W3
NOL7_HUMAN,Q9UMY1
NPAT_HUMAN,Q14207
NRF1_HUMAN,Q16656
NTF2_HUMAN,P61970
NUP88_HUMAN,Q99567
NVL_HUMAN,O15381
NXN_HUMAN,Q6DKJ4
OAS2_HUMAN,P29728
ODF2L_HUMAN,Q9ULJ1
OSGI1_HUMAN,Q9UJX0
PCBP1_HUMAN,Q15365
PIGO_HUMAN,Q8TEQ8
PIGS_HUMAN,Q96S52
PLSI_HUMAN,Q14651
PLST_HUMAN,P13797
PRPS3_HUMAN,P21108
PSB1_HUMAN,P20618
PUM1_HUMAN,Q14671
PYC_HUMAN,P11498
REPS1_HUMAN,Q96D71
RFOX1_HUMAN,Q9NWB1
RGAG1_HUMAN,Q8NET4
RL18A_HUMAN,Q02543
RM15_HUMAN,Q9P015
RN145_HUMAN,Q96MT1
RNH2A_HUMAN,O75792
RPR1B_HUMAN,Q9NQG5
RRP12_HUMAN,Q5JTH9
RS8_HUMAN,P62241
S10AG_HUMAN,Q96FQ6
S26A4_HUMAN,O43511
SCNNA_HUMAN,P37088
SHB_HUMAN,Q15464
SMTN_HUMAN,P53814
SNAA_HUMAN,P54920
SNCAP_HUMAN,Q9Y6H5
SNIP1_HUMAN,Q8TAD8
SOAT1_HUMAN,P35610
SPON1_HUMAN,Q9HCB6
SPTA2_HUMAN,Q13813
ST17B_HUMAN,O94768
STK6_HUMAN,O14965
SYFA_HUMAN,Q9Y285
TELO2_HUMAN,Q9Y4R8
TIG1_HUMAN,P49788
TKT_HUMAN,P29401
TLN1_HUMAN,Q9Y490
TM221_HUMAN,A6NGB7
TRIO_HUMAN,O75962
UB2G1_HUMAN,P62253
UBR5_HUMAN,O95071
VATE1_HUMAN,P36543
YA021_HUMAN,Q6ZU45
YTHD2_HUMAN,Q9Y5A9
ZFR_HUMAN,Q96KR1
PSME3_HUMAN,P61289
CO6A3_HUMAN,P12111
H31_HUMAN,P68431
PSB8_HUMAN,P28062
PSMD2_HUMAN,Q13200
AKIR2_HUMAN,Q53H80
ANX11_HUMAN,P50995
PARP9_HUMAN,Q8IXQ6
PSA6_HUMAN,P60900
RS17_HUMAN,P08708
RSSA_HUMAN,P08865
SOX9_HUMAN,P48436
2A5D_HUMAN,Q14738
2A5G_HUMAN,Q13362
2AAB_HUMAN,P30154
5NTC_HUMAN,P49902
ADPGK_HUMAN,Q9BRR6
BTF3_HUMAN,P20290
CA198_HUMAN,Q9H425
CSTF3_HUMAN,Q12996
DDX58_HUMAN,O95786
DNJC9_HUMAN,Q8WXX5
ELF5_HUMAN,Q9UKW6
ELL_HUMAN,P55199
EPS8_HUMAN,Q12929
FXL19_HUMAN,Q6PCT2
GON4L_HUMAN,Q3T8J9
IPO7_HUMAN,O95373
K2C7_HUMAN,P08729
LIPE_HUMAN,Q9Y5X9
LKHA4_HUMAN,P09960
LMNB1_HUMAN,P20700
LMNB2_HUMAN,Q03252
MAP4_HUMAN,P27816
MYH9_HUMAN,P35579
MYL6_HUMAN,P60660
MYST1_HUMAN,Q9H7Z6
NBR1_HUMAN,Q14596
NDC1_HUMAN,Q9BTX1
NU160_HUMAN,Q12769
OPTN_HUMAN,Q96CV9
PJA2_HUMAN,O43164
RAB7A_HUMAN,P51149
RIOK3_HUMAN,O14730
RL10_HUMAN,P27635
RL17_HUMAN,P18621
RPAC1_HUMAN,O15160
RPC3_HUMAN,Q9BUI4
RT17_HUMAN,Q9Y2R5
RT29_HUMAN,P51398
SDC1_HUMAN,P18827
SYEP_HUMAN,P07814
TCPZ_HUMAN,P40227
TDR12_HUMAN,Q587J7
TNAP2_HUMAN,Q03169
TPPC3_HUMAN,O43617
TUFT1_HUMAN,Q9NNX1
UB2L6_HUMAN,O14933
UBE4A_HUMAN,Q14139
URFB1_HUMAN,Q6BDS2
USMG5_HUMAN,Q96IX5
UTP6_HUMAN,Q9NYH9
VIGLN_HUMAN,Q00341
ZCH18_HUMAN,Q86VM9
1433T_HUMAN,P27348
3BP5_HUMAN,O60239
5NT3_HUMAN,Q9H0P0
ABC3F_HUMAN,Q8IUX4
ABCA4_HUMAN,P78363
ABL1_HUMAN,P00519
AGRIN_HUMAN,O00468
AKIR1_HUMAN,Q9H9L7
AKT2_HUMAN,P31751
AMPL_HUMAN,P28838
AMPM1_HUMAN,P53582
ANKR9_HUMAN,Q96BM1
ANR17_HUMAN,O75179
AP1G2_HUMAN,O75843
APC7_HUMAN,Q9UJX3
ARHG8_HUMAN,Q7Z628
ARL5B_HUMAN,Q96KC2
ARMX3_HUMAN,Q9UH62
ARP5L_HUMAN,Q9BPX5
AS3MT_HUMAN,Q9HBK9
ASF1B_HUMAN,Q9NVP2
ASNS_HUMAN,P08243
ASSY_HUMAN,P00966
ATLA2_HUMAN,Q8NHH9
BARX2_HUMAN,Q9UMQ3
BASI_HUMAN,P35613
BAZ2B_HUMAN,Q9UIF8
BOLA1_HUMAN,Q9Y3E2
BRD2_HUMAN,P25440
BT3A3_HUMAN,O00478
CALD1_HUMAN,Q05682
CANT1_HUMAN,Q8WVQ1
CCD91_HUMAN,Q7Z6B0
CCNB3_HUMAN,Q8WWL7
CCNE2_HUMAN,O96020
CCNG1_HUMAN,P51959
CDC6_HUMAN,Q99741
CDR2_HUMAN,Q01850
CEBPD_HUMAN,P49716
CENPE_HUMAN,Q02224
CENPF_HUMAN,P49454
CHD1L_HUMAN,Q86WJ1
CHD4_HUMAN,Q14839
CKAP5_HUMAN,Q14008
CKS2_HUMAN,P33552
CLK1_HUMAN,P49759
CLSPN_HUMAN,Q9HAW4
CM033_HUMAN,Q5VYS4
CML1_HUMAN,Q99788
CND3_HUMAN,Q9BPX3
CR034_HUMAN,Q5BJE1
CRGC_HUMAN,P07315
CS052_HUMAN,Q9BSF4
CSKP_HUMAN,O14936
CSN6_HUMAN,Q7L5N1
CT024_HUMAN,Q9BUV8
CT2NL_HUMAN,Q9P2B4
CUL3_HUMAN,Q13618
CY1_HUMAN,P08574
DCR1C_HUMAN,Q96SD1
DCTN3_HUMAN,O75935
DDB1_HUMAN,Q16531
DDX24_HUMAN,Q9GZR7
DDX6L_HUMAN,Q5H9U9
DNJA1_HUMAN,P31689
DPOE1_HUMAN,Q07864
DSRAD_HUMAN,P55265
DTNA_HUMAN,Q9Y4J8
EAA3_HUMAN,P43005
EDC4_HUMAN,Q6P2E9
EFHD2_HUMAN,Q96C19
EHMT2_HUMAN,Q96KQ7
EIF2A_HUMAN,Q9BY44
EIF3A_HUMAN,Q14152
ELYS_HUMAN,Q8WYP5
ERD21_HUMAN,P24390
ERD23_HUMAN,O43731
ERG28_HUMAN,Q9UKR5
ERRFI_HUMAN,Q9UJM3
ESRP2_HUMAN,Q9H6T0
ESTD_HUMAN,P10768
EVI5L_HUMAN,Q96CN4
EXOC6_HUMAN,Q8TAG9
EZH2_HUMAN,Q15910
F103A_HUMAN,Q9BTL3
F123B_HUMAN,Q5JTC6
F173A_HUMAN,Q9BQD7
F8I2_HUMAN,P23610
FA32A_HUMAN,Q9Y421
FA50A_HUMAN,Q14320
FA55D_HUMAN,Q6UWF7
FACR2_HUMAN,Q96K12
FAKD2_HUMAN,Q9NYY8
FBRL_HUMAN,P22087
FDFT_HUMAN,P37268
FEZF2_HUMAN,Q8TBJ5
FHL17_HUMAN,Q9BXU8
FIBP_HUMAN,O43427
FLOT2_HUMAN,Q14254
FOXC1_HUMAN,Q12948
FOXP4_HUMAN,Q8IVH2
FSCN1_HUMAN,Q16658
FXL14_HUMAN,Q8N1E6
FXR2_HUMAN,P51116
GABPA_HUMAN,Q06546
GANAB_HUMAN,Q14697
GBP6_HUMAN,Q6ZN66
GCNT4_HUMAN,Q9P109
GDAP2_HUMAN,Q9NXN4
GELS_HUMAN,P06396
GLI3_HUMAN,P10071
GPTC8_HUMAN,Q9UKJ3
GRID2_HUMAN,O43424
HBP1_HUMAN,O60381
HECD1_HUMAN,Q9ULT8
HERC6_HUMAN,Q8IVU3
HLTF_HUMAN,Q14527
HMCS2_HUMAN,P54868
HMDH_HUMAN,P04035
HMGX3_HUMAN,Q12766
HNRPF_HUMAN,P52597
HUWE1_HUMAN,Q7Z6Z7
I2BP2_HUMAN,Q7Z5L9
ID2_HUMAN,Q02363
IFT46_HUMAN,Q9NQC8
IKKA_HUMAN,O15111
IL2RA_HUMAN,P01589
IN80C_HUMAN,Q6PI98
INT11_HUMAN,Q5TA45
INT6_HUMAN,Q9UL03
IPO11_HUMAN,Q9UI26
IPO5_HUMAN,O00410
IR3IP_HUMAN,Q9Y5U9
K1967_HUMAN,Q8N163
KCNA7_HUMAN,Q96RP8
KCTD1_HUMAN,Q719H9
KHDR1_HUMAN,Q07666
KI20A_HUMAN,O95235
KIF22_HUMAN,Q14807
KIF24_HUMAN,Q5T7B8
KIF2C_HUMAN,Q99661
KR510_HUMAN,Q6L8G5
KTAP2_HUMAN,Q8N6L1
LAD1_HUMAN,O00515
LAR4B_HUMAN,Q92615
LEMD2_HUMAN,Q8NC56
LONP2_HUMAN,Q86WA8
LOX5_HUMAN,P09917
LRC8A_HUMAN,Q8IWT6
LRIG3_HUMAN,Q6UXM1
LRRF2_HUMAN,Q9Y608
M3K1_HUMAN,Q13233
MAGD4_HUMAN,Q96JG8
MAGT1_HUMAN,Q9H0U3
MAP1B_HUMAN,P46821
MCATL_HUMAN,Q8N8R3
MCL1_HUMAN,Q07820
MCM4_HUMAN,P33991
MED12_HUMAN,Q93074
MEGF8_HUMAN,Q7Z7M0
MGAP_HUMAN,Q8IWI9
MGP_HUMAN,P08493
MGST1_HUMAN,P10620
MINA_HUMAN,Q8IUF8
MINT_HUMAN,Q96T58
MIO_HUMAN,Q9NXC5
MKL1_HUMAN,Q969V6
MKNK1_HUMAN,Q9BUB5
MLL5_HUMAN,Q8IZD2
MPPA_HUMAN,Q10713
MPZL2_HUMAN,O60487
MSH6_HUMAN,P52701
MTOR_HUMAN,P42345
MTSSL_HUMAN,Q765P7
MYOF_HUMAN,Q9NZM1
MYST4_HUMAN,Q8WYB5
MZT2B_HUMAN,Q6NZ67
NAA20_HUMAN,P61599
NALP2_HUMAN,Q9NX02
NASP_HUMAN,P49321
NAT10_HUMAN,Q9H0A0
NAV1_HUMAN,Q8NEY1
NCBP1_HUMAN,Q09161
NCOAT_HUMAN,O60502
NCOR2_HUMAN,Q9Y618
NEMO_HUMAN,Q9Y6K9
NOE2_HUMAN,O95897
NU133_HUMAN,Q8WUM0
NU188_HUMAN,Q5SRE5
NU205_HUMAN,Q92621
NUD14_HUMAN,O95848
NUMB_HUMAN,P49757
ODAM_HUMAN,A1E959
OGFD1_HUMAN,Q8N543
OGT1_HUMAN,O15294
OR1J2_HUMAN,Q8NGS2
OR9I1_HUMAN,Q8NGQ6
OSGEP_HUMAN,Q9NPF4
P121A_HUMAN,Q96HA1
P3H1_HUMAN,Q32P28
P3H2_HUMAN,Q8IVL5
PAIRB_HUMAN,Q8NC51
PANK4_HUMAN,Q9NVE7
PARK7_HUMAN,Q99497
PARP1_HUMAN,P09874
PBLD_HUMAN,P30039
PCX3_HUMAN,Q9H6A9
PDLI2_HUMAN,Q96JY6
PDRG1_HUMAN,Q9NUG6
PFD6_HUMAN,O15212
PIEZ1_HUMAN,Q92508
PITM1_HUMAN,O00562
PK3CA_HUMAN,P42336
PKH4B_HUMAN,Q96PX9
PLCG2_HUMAN,P16885
PNMA5_HUMAN,Q96PV4
PPARG_HUMAN,P37231
PRP8_HUMAN,Q6P2Q9
PRR7_HUMAN,Q8TB68
PSA4_HUMAN,P25789
PSB2_HUMAN,P49721
PSD13_HUMAN,Q9UNM6
PTAR1_HUMAN,Q7Z6K3
PTGIS_HUMAN,Q16647
PUF60_HUMAN,Q9UHX1
QCR9_HUMAN,Q9UDW1
RAP2A_HUMAN,P10114
RAS4B_HUMAN,C9J798
RBM14_HUMAN,Q96PK6
RBM42_HUMAN,Q9BTD8
RBM4B_HUMAN,Q9BQ04
RBM8A_HUMAN,Q9Y5S9
RDH11_HUMAN,Q8TC12
RFXK_HUMAN,O14593
RHBT1_HUMAN,O94844
RHGBB_HUMAN,Q3KRB8
RHOC_HUMAN,P08134
RIR1_HUMAN,P23921
RPA1_HUMAN,O95602
RPB2_HUMAN,P30876
RPGF1_HUMAN,Q13905
RPGF6_HUMAN,Q8TEU7
RPP29_HUMAN,O95707
RRBP1_HUMAN,Q9P2E9
RS29_HUMAN,P62273
RS9_HUMAN,P46781
RSU1_HUMAN,Q15404
RUVB1_HUMAN,Q9Y265
S23IP_HUMAN,Q9Y6Y8
S38A8_HUMAN,A6NNN8
S7A6O_HUMAN,Q96CW6
SAMD8_HUMAN,Q96LT4
SASH1_HUMAN,O94885
SCAP_HUMAN,Q12770
SERA_HUMAN,O43175
SETMR_HUMAN,Q53H47
SF3A3_HUMAN,Q12874
SF3B2_HUMAN,Q13435
SG223_HUMAN,Q86YV5
SGK1_HUMAN,O00141
SGPL1_HUMAN,O95470
SGTB_HUMAN,Q96EQ0
SI1L3_HUMAN,O60292
SKA1_HUMAN,Q96BD8
SKIL_HUMAN,P12757
SMAD2_HUMAN,Q15796
SMC1A_HUMAN,Q14683
SMCA2_HUMAN,P51531
SMG1_HUMAN,Q96Q15
SMG1L_HUMAN,Q6P435
SMHD1_HUMAN,A6NHR9
SMRD1_HUMAN,Q96GM5
SPB8_HUMAN,P50452
SPDLY_HUMAN,Q96EA4
SPEE_HUMAN,P19623
SPG20_HUMAN,Q8N0X7
SPTCS_HUMAN,Q96JI7
SPTN2_HUMAN,O15020
SQSTM_HUMAN,Q13501
SRBP1_HUMAN,P36956
ST7_HUMAN,Q9NRC1
STAG1_HUMAN,Q8WVM7
SUH_HUMAN,Q06330
SUN1_HUMAN,O94901
SYAC_HUMAN,P49588
SYF1_HUMAN,Q9HCS7
SYTC_HUMAN,P26639
SYVC_HUMAN,P26640
TAGL2_HUMAN,P37802
TBRG1_HUMAN,Q3YBR2
TCPG_HUMAN,P49368
TERF1_HUMAN,P54274
TERF2_HUMAN,Q15554
THIC_HUMAN,Q9BWD1
TLK2_HUMAN,Q86UE8
TM214_HUMAN,Q6NUQ4
TM9S2_HUMAN,Q99805
TM9S4_HUMAN,Q92544
TOIP1_HUMAN,Q5JTV8
TOM20_HUMAN,Q15388
TPM4_HUMAN,P67936
TPPC5_HUMAN,Q8IUR0
TRAK1_HUMAN,Q9UPV9
TRI26_HUMAN,Q12899
TRIPB_HUMAN,Q15643
TRM6_HUMAN,Q9UJA5
TRPV2_HUMAN,Q9Y5S1
TSYL2_HUMAN,Q9H2G4
TT21B_HUMAN,Q7Z4L5
TUB_HUMAN,P50607
UBL5_HUMAN,Q9BZL1
UBR2_HUMAN,Q8IWV8
UIF_HUMAN,Q96QD9
UT14A_HUMAN,Q9BVJ6
VATA_HUMAN,P38606
VGLL1_HUMAN,Q99990
VPS35_HUMAN,Q96QK1
VPS41_HUMAN,P49754
WAHS7_HUMAN,Q2M389
WDR70_HUMAN,Q9NW82
WNK2_HUMAN,Q9Y3S1
XPF_HUMAN,Q92889
YIPF5_HUMAN,Q969M3
YPEL5_HUMAN,P62699
Z324A_HUMAN,O75467
ZF106_HUMAN,Q9H2Y7
ZFX_HUMAN,P17010
ZMYM2_HUMAN,Q9UBW7
ZN250_HUMAN,P15622
ZN277_HUMAN,Q9NRM2
ZN462_HUMAN,Q96JM2
ZN669_HUMAN,Q96BR6
ZN878_HUMAN,C9JN71
ZO1_HUMAN,Q07157
PSA7_HUMAN,O14818
GBB3_HUMAN,P16520
NDRG1_HUMAN,Q92597
TF2B_HUMAN,Q00403
TXLNA_HUMAN,P40222
ATS6_HUMAN,Q9UKP5
CCAR1_HUMAN,Q8IX12
CDK18_HUMAN,Q07002
CH60_HUMAN,P10809
CKS1_HUMAN,P61024
DIEXF_HUMAN,Q68CQ4
EI2BD_HUMAN,Q9UI10
G6PE_HUMAN,O95479
ITB2_HUMAN,P05107
NOG2_HUMAN,Q13823
PAPS1_HUMAN,O43252
RL37A_HUMAN,P61513
S45A4_HUMAN,Q5BKX6
SETB1_HUMAN,Q15047
TRIB3_HUMAN,Q96RU7
UBP2L_HUMAN,Q14157
ZIC1_HUMAN,Q15915
ANKR1_HUMAN,Q15327
AP1S2_HUMAN,P56377
APAF_HUMAN,O14727
BBS7_HUMAN,Q8IWZ6
BUB1B_HUMAN,O60566
CBPE_HUMAN,P16870
CCNT1_HUMAN,O60563
CH004_HUMAN,Q9NR00
CH3L1_HUMAN,P36222
CHSS2_HUMAN,Q8IZ52
COMD6_HUMAN,Q7Z4G1
CSRN1_HUMAN,Q96S65
CXL11_HUMAN,O14625
CYBP_HUMAN,Q9HB71
DI3L1_HUMAN,Q8TF46
DPM1_HUMAN,O60762
DYH11_HUMAN,Q96DT5
DYH14_HUMAN,Q0VDD8
EFR3B_HUMAN,Q9Y2G0
EIF3L_HUMAN,Q9Y262
ERBB2_HUMAN,P04626
ERG25_HUMAN,Q15800
ETV3_HUMAN,P41162
FA73A_HUMAN,Q8NAN2
FERM2_HUMAN,Q96AC1
GBF1_HUMAN,Q92538
GDIA_HUMAN,P31150
GDIB_HUMAN,P50395
GLTL3_HUMAN,Q6IS24
HACD2_HUMAN,Q6Y1H2
HAT1_HUMAN,O14929
HAUS6_HUMAN,Q7Z4H7
HSP71_HUMAN,P0DMV8
HSP71_HUMAN,P0DMV9
HSP71_HUMAN,P48741
IF5_HUMAN,P55010
KC1D_HUMAN,P48730
LAMA5_HUMAN,O15230
MDN1_HUMAN,Q9NU22
MED24_HUMAN,O75448
MMAD_HUMAN,Q9H3L0
MOL1A_HUMAN,Q7L9L4
MPIP2_HUMAN,P30305
MYO19_HUMAN,Q96H55
NAA40_HUMAN,Q86UY6
NOG1_HUMAN,Q9BZE4
NQO1_HUMAN,P15559
NSMA3_HUMAN,Q9NXE4
NU107_HUMAN,P57740
NUMBL_HUMAN,Q9Y6R0
P4HA2_HUMAN,O15460
PAPD5_HUMAN,Q8NDF8
PGRP2_HUMAN,Q96PD5
PP1A_HUMAN,P62136
PRS4_HUMAN,P62191
PRS7_HUMAN,P35998
PSA3_HUMAN,P25788
PYRD1_HUMAN,Q8WU10
RAB13_HUMAN,P51153
RB3GP_HUMAN,Q15042
RD23A_HUMAN,P54725
REG1A_HUMAN,P05451
RFOX2_HUMAN,O43251
RXRB_HUMAN,P28702
S35A3_HUMAN,Q9Y2D2
SCAFB_HUMAN,Q99590
SESN2_HUMAN,P58004
SF3A1_HUMAN,Q15459
SHOC2_HUMAN,Q9UQ13
SMRC1_HUMAN,Q92922
SON_HUMAN,P18583
SOS1_HUMAN,Q07889
SPOP_HUMAN,O43791
SPS1_HUMAN,P49903
SSRG_HUMAN,Q9UNL2
STT3A_HUMAN,P46977
STT3B_HUMAN,Q8TCJ2
TBK1_HUMAN,Q9UHD2
TBL1X_HUMAN,O60907
TF65_HUMAN,Q04206
TM104_HUMAN,Q8NE00
TMED7_HUMAN,Q9Y3B3
SARAF_HUMAN,Q96BY9
TMM66_HUMAN,Q96BY9
TMPS3_HUMAN,P57727
TOR1A_HUMAN,O14656
TRIPC_HUMAN,Q14669
UB2E1_HUMAN,P51965
VPS16_HUMAN,Q9H269
WDR1_HUMAN,O75083
WIPI4_HUMAN,Q9Y484
ZHX1_HUMAN,Q9UKY1
ZO3_HUMAN,O95049
CPT1A_HUMAN,P50416
DRG1_HUMAN,Q9Y295
HSDL1_HUMAN,Q3SXM5
MYO1C_HUMAN,O00159
PTK7_HUMAN,Q13308
RBMX_HUMAN,P38159
SSRA_HUMAN,P43307
TBB5_HUMAN,P07437
UBP8_HUMAN,P40818
5NT3L_HUMAN,Q969T7
6PGD_HUMAN,P52209
ACOX1_HUMAN,Q15067
ACOX3_HUMAN,O15254
ACSA_HUMAN,Q9NR19
ARFG2_HUMAN,Q8N6H7
AT135_HUMAN,Q4VNC0
ATPF1_HUMAN,Q5TC12
AZIN1_HUMAN,O14977
BPIA1_HUMAN,Q9NP55
BRX1_HUMAN,Q8TDN6
BUB1_HUMAN,O43683
BUB3_HUMAN,O43684
CAZA2_HUMAN,P47755
CCD34_HUMAN,Q96HJ3
CCNI_HUMAN,Q14094
CDSN_HUMAN,Q15517
CI041_HUMAN,Q8N4J0
CLPT1_HUMAN,O96005
CNDD3_HUMAN,P42695
CO4A_HUMAN,P0C0L4
CP4X1_HUMAN,Q8N118
DDX1_HUMAN,Q92499
DEGS1_HUMAN,O15121
DHC24_HUMAN,Q15392
DHX29_HUMAN,Q7Z478
DLG3_HUMAN,Q92796
DOCK7_HUMAN,Q96N67
DPOD1_HUMAN,P28340
DYN2_HUMAN,P50570
E2AK2_HUMAN,P19525
EAA1_HUMAN,P43003
ECT2_HUMAN,Q9H8V3
EFC11_HUMAN,Q9BUY7
ELOA2_HUMAN,Q8IYF1
ERD22_HUMAN,P33947
F168B_HUMAN,A1KXE4
FAAH1_HUMAN,O00519
FNTB_HUMAN,P49356
G2E3_HUMAN,Q7L622
GAK_HUMAN,O14976
GBP2_HUMAN,P32456
GDE_HUMAN,P35573
GLTP_HUMAN,Q9NZD2
GLYL2_HUMAN,Q8WU03
HYCCI_HUMAN,Q9BYI3
INT4_HUMAN,Q96HW7
IQGA1_HUMAN,P46940
JCAD_HUMAN,Q9P266
K0408_HUMAN,Q6ZU52
KCRB_HUMAN,P12277
KRI1_HUMAN,Q8N9T8
MOCOS_HUMAN,Q96EN8
MPP5_HUMAN,Q8N3R9
MY15B_HUMAN,Q96JP2
MYO16_HUMAN,Q9Y6X6
MYO1G_HUMAN,B0I1T2
NOVA2_HUMAN,Q9UNW9
NT5D1_HUMAN,Q5TFE4
PDXK_HUMAN,O00764
PEG10_HUMAN,Q86TG7
PIMT_HUMAN,P22061
PM14_HUMAN,Q9Y3B4
PR38A_HUMAN,Q8NAV1
PRS10_HUMAN,P62333
PSD11_HUMAN,O00231
PSD7_HUMAN,P51665
PSMD1_HUMAN,Q99460
PSMG2_HUMAN,Q969U7
PTHD1_HUMAN,Q96NR3
PTN2_HUMAN,P17706
QSER1_HUMAN,Q2KHR3
RBG10_HUMAN,B7ZAP0
RBP1_HUMAN,Q15311
RENT1_HUMAN,Q92900
RGF1B_HUMAN,Q0VAM2
RL13A_HUMAN,P40429
RM47_HUMAN,Q9HD33
RN139_HUMAN,Q8WU17
RSAD2_HUMAN,Q8WXG1
S35E1_HUMAN,Q96K37
S38A1_HUMAN,Q9H2H9
SAM50_HUMAN,Q9Y512
SC31A_HUMAN,O94979
SF3B5_HUMAN,Q9BWJ5
SH319_HUMAN,Q5HYK7
SIAH2_HUMAN,O43255
SMD3_HUMAN,P62318
SPAG1_HUMAN,Q07617
SYSC_HUMAN,P49591
TCPD_HUMAN,P50991
THOC4_HUMAN,Q86V81
TOPK_HUMAN,Q96KB5
TP4AP_HUMAN,Q8TEL6
TSN_HUMAN,Q15631
TTC37_HUMAN,Q6PGP7
TTLL4_HUMAN,Q14679
U2AF2_HUMAN,P26368
UBR4_HUMAN,Q5T4S7
UFL1_HUMAN,O94874
UXT_HUMAN,Q9UBK9
VA0D1_HUMAN,P61421
WNK3_HUMAN,Q9BYP7
XPO6_HUMAN,Q96QU8
XRCC1_HUMAN,P18887
YE032_HUMAN,Q52LT0
RM43_HUMAN,Q8N983
NLTP_HUMAN,P22307
NCKX1_HUMAN,O60721
BAG3_HUMAN,O95817
CRBA1_HUMAN,P05813
NIM1_HUMAN,Q8IY84
MACOI_HUMAN,Q8N5G2
DMRT2_HUMAN,Q9Y5R5
UHRF1_HUMAN,Q96T88
YIF1B_HUMAN,Q5BJH7
B2MG_HUMAN,P61769
CHIA_HUMAN,Q9BZP6
CU056_HUMAN,Q9H0A9
DRB3_HUMAN,P79483
EIF3F_HUMAN,O00303
H14_HUMAN,P10412
IEX1_HUMAN,P46695
K1C10_HUMAN,P13645
KAD2_HUMAN,P54819
MOT4_HUMAN,O15427
PYR1_HUMAN,P27708
RL35A_HUMAN,P18077
ZN134_HUMAN,P52741
ENOA_HUMAN,P06733
PDIA1_HUMAN,P07237
M2OM_HUMAN,Q02978
LRRK2_HUMAN,Q5S007
S2543_HUMAN,Q8WUT9
MAGIX_HUMAN,Q9H6Y5
APTX_HUMAN,Q7Z2E3
DEK_HUMAN,P35659
FIBA_HUMAN,P02671
FZD2_HUMAN,Q14332
GO45_HUMAN,Q9H2G9
ITA3_HUMAN,P26006
S10A9_HUMAN,P06702
KR191_HUMAN,Q8IUB9
HNRDL_HUMAN,O14979
ISK7_HUMAN,P58062
MAGC2_HUMAN,Q9UBF1
MK67I_HUMAN,Q9BYG3
NCBP2_HUMAN,P52298
PSAL_HUMAN,A6NEC2
PSB10_HUMAN,P40306
RNF12_HUMAN,Q9NVW2
SK2L2_HUMAN,P42285
T22D3_HUMAN,Q99576
1433F_HUMAN,Q04917
2ABA_HUMAN,P63151
ABC3B_HUMAN,Q9UH17
ABCE1_HUMAN,P61221
ADSV_HUMAN,Q9Y6U3
ALG12_HUMAN,Q9BV10
AMOL2_HUMAN,Q9Y2J4
APCDL_HUMAN,Q8NCL9
APOL6_HUMAN,Q9BWW8
ARMC7_HUMAN,Q9H6L4
ARSK_HUMAN,Q6UWY0
ASH1L_HUMAN,Q9NR48
ATP9B_HUMAN,O43861
ATX2L_HUMAN,Q8WWM7
BAG4_HUMAN,O95429
BAK_HUMAN,Q16611
BARH2_HUMAN,Q9NY43
BECN1_HUMAN,Q14457
C10_HUMAN,Q99622
CC037_HUMAN,Q96FZ2
CC063_HUMAN,Q9UK61
CCDC6_HUMAN,Q16204
CD027_HUMAN,Q9NWY4
CD109_HUMAN,Q6YHK3
CD123_HUMAN,O75794
CEBPZ_HUMAN,Q03701
CETN3_HUMAN,O15182
CLPB_HUMAN,Q9H078
CO3_HUMAN,P01024
CP4B1_HUMAN,P13584
CR3L2_HUMAN,Q70SY1
CSN1_HUMAN,Q13098
DCNL5_HUMAN,Q9BTE7
DHDDS_HUMAN,Q86SQ9
DHX32_HUMAN,Q7L7V1
DPOE3_HUMAN,Q9NRF9
DYH1_HUMAN,Q9P2D7
EF1A1_HUMAN,P68104
EHD2_HUMAN,Q9NZN4
ELL2_HUMAN,O00472
FANCI_HUMAN,Q9NVI1
FBX30_HUMAN,Q8TB52
FLNB_HUMAN,O75369
FOXB1_HUMAN,Q99853
FOXJ2_HUMAN,Q9P0K8
GBP5_HUMAN,Q96PP8
GEMI_HUMAN,O75496
GWL_HUMAN,Q96GX5
HG2A_HUMAN,P04233
HIF1A_HUMAN,Q16665
HMOX1_HUMAN,P09601
HNF6_HUMAN,Q9UBC0
HORN_HUMAN,Q86YZ3
HPS3_HUMAN,Q969F9
HXK2_HUMAN,P52789
IKIP_HUMAN,Q70UQ0
IL18_HUMAN,Q14116
IL32_HUMAN,P24001
IMDH2_HUMAN,P12268
IMP3_HUMAN,Q9NV31
IN35_HUMAN,P80217
IRAK2_HUMAN,O43187
IRF3_HUMAN,Q14653
ITPA_HUMAN,Q9BY32
ITPK1_HUMAN,Q13572
K2C75_HUMAN,O95678
KALRN_HUMAN,O60229
KDEL2_HUMAN,Q7Z4H8
KITH_HUMAN,P04183
KLF5_HUMAN,Q13887
KR171_HUMAN,Q9BYP8
LDHD_HUMAN,Q86WU2
LDOC1_HUMAN,O95751
LPPRC_HUMAN,P42704
LTBP1_HUMAN,Q14766
LTN1_HUMAN,O94822
MCM8_HUMAN,Q9UJA3
MO4L2_HUMAN,Q15014
MTMR1_HUMAN,Q13613
MTMR5_HUMAN,O95248
NDUA3_HUMAN,O95167
NF1_HUMAN,P21359
NNMT_HUMAN,P40261
NOTC4_HUMAN,Q99466
NS1BP_HUMAN,Q9Y6Y0
NUB1_HUMAN,Q9Y5A7
NUDC1_HUMAN,Q96RS6
NUP53_HUMAN,Q8NFH5
NUP98_HUMAN,P52948
OSBL6_HUMAN,Q9BZF3
PA2G4_HUMAN,Q9UQ80
PAIP1_HUMAN,Q9H074
PAR12_HUMAN,Q9H0J9
PAR3L_HUMAN,Q8TEW8
PARPT_HUMAN,Q7Z3E1
PATL1_HUMAN,Q86TB9
PFD5_HUMAN,Q99471
PGK1_HUMAN,P00558
PHC3_HUMAN,Q8NDX5
PHKG2_HUMAN,P15735
PLOD2_HUMAN,O00469
PNPH_HUMAN,P00491
PRDM2_HUMAN,Q13029
PSA2_HUMAN,P25787
PSF1_HUMAN,Q14691
PXK_HUMAN,Q7Z7A4
QKI_HUMAN,Q96PU8
RAD1_HUMAN,O60671
RANB9_HUMAN,Q96S59
RB6I2_HUMAN,Q8IUD2
RBP56_HUMAN,Q92804
RHG01_HUMAN,Q07960
RHG18_HUMAN,Q8N392
RNBP6_HUMAN,O60518
ROS_HUMAN,P08922
RPF1_HUMAN,Q9H9Y2
RXRA_HUMAN,P19793
S12A4_HUMAN,Q9UP95
S14L5_HUMAN,O43304
S2535_HUMAN,Q3KQZ1
S26A6_HUMAN,Q9BXS9
SCNNG_HUMAN,P51170
SCYL2_HUMAN,Q6P3W7
SE1L2_HUMAN,Q5TEA6
SF3B3_HUMAN,Q15393
SFPQ_HUMAN,P23246
SMAD9_HUMAN,O15198
SNPC1_HUMAN,Q16533
SORL_HUMAN,Q92673
SP130_HUMAN,Q9H0E3
SPCS1_HUMAN,Q9Y6A9
SRPK1_HUMAN,Q96SB4
STRAP_HUMAN,Q9Y3F4
TENA_HUMAN,P24821
TF3C4_HUMAN,Q9UKN8
THAP6_HUMAN,Q8TBB0
TIM22_HUMAN,Q9Y584
TM131_HUMAN,Q92545
TM141_HUMAN,Q96I45
TMCO1_HUMAN,Q9UM00
TNR6B_HUMAN,Q9UPQ9
TPPC9_HUMAN,Q96Q05
TR150_HUMAN,Q9Y2W1
TRI58_HUMAN,Q8NG06
TRML2_HUMAN,Q5T2D2
TSC2_HUMAN,P49815
TUT4_HUMAN,Q5TAX3
TYSY_HUMAN,P04818
UB2Q1_HUMAN,Q7Z7E8
UBA3_HUMAN,Q8TBC4
UBP28_HUMAN,Q96RU2
UBR7_HUMAN,Q8N806
VIME_HUMAN,P08670
VPP3_HUMAN,Q13488
WDR82_HUMAN,Q6UXN9
WNT16_HUMAN,Q9UBV4
ZBED5_HUMAN,Q49AG3
ZC3HA_HUMAN,Q96K80
ZF161_HUMAN,O43829
ZN131_HUMAN,P52739
ZN580_HUMAN,Q9UK33
ZN581_HUMAN,Q9P0T4
ZN703_HUMAN,Q9H7S9
NDUA4_HUMAN,O00483
DDX17_HUMAN,Q92841
DKC1_HUMAN,O60832
HDAC3_HUMAN,O15379
ANR11_HUMAN,Q6UB99
BCOR_HUMAN,Q6W2J9
CAN2_HUMAN,P17655
CATL1_HUMAN,P07711
CHM1B_HUMAN,Q7LBR1
CSK2B_HUMAN,P67870
DJB14_HUMAN,Q8TBM8
EDRF1_HUMAN,Q3B7T1
EGFR_HUMAN,P00533
FAK1_HUMAN,Q05397
FLOT1_HUMAN,O75955
HDAC2_HUMAN,Q92769
IF4A2_HUMAN,Q14240
IPIL2_HUMAN,Q3MIP1
MARH7_HUMAN,Q9H992
NCOA7_HUMAN,Q8NI08
NH2L1_HUMAN,P55769
NLRC5_HUMAN,Q86WI3
PLCB4_HUMAN,Q15147
PON2_HUMAN,Q15165
PSB5_HUMAN,P28074
PUR1_HUMAN,Q06203
RL11_HUMAN,P62913
RL4_HUMAN,P36578
RM41_HUMAN,Q8IXM3
ROBO1_HUMAN,Q9Y6N7
RPTOR_HUMAN,Q8N122
RSF1_HUMAN,Q96T23
SAC31_HUMAN,A6NKF1
SEBP2_HUMAN,Q96T21
SEM6C_HUMAN,Q9H3T2
SIN3B_HUMAN,O75182
TTC14_HUMAN,Q96N46
UBP3_HUMAN,Q9Y6I4
UFM1_HUMAN,P61960
COPG_HUMAN,Q9Y678