peptide,cleaved,edited
LNIVANFTGHGYPY,?????---??????,LNIVANFTGHGYPY
ALETGTIFLPVRHD,??-M-------I-?,ALETGTIFLPVRHD
AWHANENYPYQSKL,?-MMM------C-?,AWHANENYPYQSKL
ANLQILDPDNFKRE,-------------?,ANnQILDPDNFKRE
EVDNTKPKVLYWHF,--M--------I-?,EVDNTKPKVnYWHF
EYPRPQEWADGNHL,---------?---?,EYPRPQEWADGNHL
ERWHDINLSVSLQI,-----------C-?,ERWHDINnSVSLQI
ELKELGRSANAFQT,--------I----?,EnKELGRSANAFQT
EPLDLQKQRYFDWL,-----------M-?,EPLDnQKQRYFDWL
GNGTFPTKLDELQF,-?------MCMMC?,GNGTFPTKLDELQF
NVDWTAPQLIEYLD,--?--------C??,NVDWTAPQLIEYLD
WILAGLQGHVNSTQ,--MM------MMM?,WILAGnQGHVNSTQ
VINYPLKFTKVLQQ,-C-M----M-MMM?,VINYPLKFTKVnQQ
LIVQHRLFTYFRAW,---MM-----M--?,nIVQHRLFTYFRAW
TVLISLHRNWRAQH,------MM-I---?,TVnISnHRNWRAQH
LRKDWGDIQFATAN,-MC------MC--?,LRKDWGDIQFATAN
NRSVENGEKTQRWI,?------------?,NRSVENGEKTQRWI
DTFWNSLKYIVVWT,-------------?,DTFWNSLKYIVVWT
RLVHRETQWSKING,--MMM------M-?,RLVHRETQWSKING
IPTNIRASVPQLWW,----CM-M---MM?,IPTNIRASVPQLWW
IWQKGALHTSLDPQ,---MCM--M-M?-?,IWQKGALHTSnDPQ
IGDNVEWIPFYRDT,-??---------??,IGDNVEWIPFYRDT
IEPPWVDSHAKRNL,-?-------C--M?,IEPPWVDSHAKRNn
VLRFIENLTLGQDY,?--I---------?,VLRFIENnTLGQDY
HYGFVTKPNHQIWD,C--M--M----MM?,HYGFVTKPNHQIWD
QYELPSRNGWHHNP,---------M---?,QYELPSRNGWHHNP
YAFLQVAITYDKWN,??MM-C---MC-M?,YAFnQVAITYDKWN
DFDYTIAVQLFHEV,?------------?,DFDYTIAVQnFHEV
FDWWGNRSPLEKLV,--MM--MC--M-M?,FDWWGNRSPLEKnV
WFQHNPKTVFGSDL,---MM---MM---?,WFQHNPKTVFGSDL
LDGYWDHKFELLTW,-?-M--C-M--M-?,LDGYWDHKFEnLTW
LQGISQEHYNAPDN,---M-----M--??,LQGISQEHYNAPDN
LHAEGVKNQDRLGN,---------C-M??,LHAEGVKNQDRnGN
LALYSFTPHILWDE,C-MM-----M?-M?,LAnYSFTPHILWDE
LLNNFADPGLIQYL,M-MM--------??,LnNNFADPGnIQYL
LQSSWQTERHVYFA,--M-M-M-M--MM?,nQSSWQTERHVYFA
LLQATDEPRGHLYN,-M-M-----I--M?,LLQATDEPRGHnYN
PETGHWLLLHFQED,----M-----M-??,PETGHWLnnHFQED
LWKSGDQRYYVLNE,--MCM-----MM-?,nWKSGDQRYYVnNE
DLYPAWSEGLQGFW,--I---------M?,DLYPAWSEGLQGFW
PQLIGHVKLFRFNW,---M-CM-MM-M-?,PQnIGHVKLFRFNW
WGVLHDHESKYFLQ,---MMM------M?,WGVnHDHESKYFnQ
WPLGLYASQKHWEE,----M-------I?,WPnGnYASQKHWEE
DELWVQLIKSKEDQ,---------C-MM?,DELWVQnIKSKEDQ
WNPIKILLFYWHEF,-----M--MC---?,WNPIKILnFYWHEF
DHNQIRYRWAETLW,------C------?,DHNQIRYRWAETnW
WWYHYGPTVNKQLR,-MMMM----MMMM?,WWYHYGPTVNKQLR
DNQEPWTWYGVKFR,M?-?---MM-MMM?,DNQEPWTWYGVKFR
NPTSTYDAQRWKNI,?M--M-----M--?,NPTSTYDAQRWKNI
NWKILYIRFNPFLA,--C---M-M----?,NWKInYIRFNPFLA
QLELHEPLYGVNIE,?-M----------?,QLEnHEPLYGVNIE
NEIDGWTYWPEAVN,-------------?,NEIDGWTYWPEAVN
HNLFRLQDEQATVG,-------M-----?,HNLFRLQDEQATVG
HEQEYFRLIRWAVL,------CMM-M--?,HEQEYFRnIRWAVL
QQWGSHFLIELHVI,----------CM-?,QQWGSHFnIEnHVI
QDRNTKNLGLVIEG,-?M------M-C-?,QDRNTKNLGnVIEG
FSLSKLNPVSQVLH,--MMMMM--MMMM?,FSLSKnNPVSQVLH
ADARKYWNVHGTHQ,-----C---M---?,ADARKYWNVHGTHQ
AHLFNALTWPSGHN,--MMMC--M----?,AHLFNAnTWPSGHN
HDFGVWKAILSQPP,C?----MM-MM--?,HDFGVWKAILSQPP
HWAFRSRYHGPLAH,----?--------?,HWAFRSRYHGPLAH
HPTKSFGDILELLY,-?--M-----MMM?,HPTKSFGDInEnLY
GFSIHEWELDTQKW,----?------C-?,GFSIHEWELDTQKW
EGADIWYRKHSHQL,-------M-M-M-?,EGADIWYRKHSHQL
EDNYEVWVPQAGRN,-?-----------?,EDNYEVWVPQAGRN
EQREVYTQIWILTV,-------------?,EQREVYTQIWInTV
GEWHWPSLNKVGQA,----M--MC-C--?,GEWHWPSnNKVGQA
GLYFRYEIPQADQW,---MM------M-?,GLYFRYEIPQADQW
DITSQVWPVEYLQD,--M--------I-?,DITSQVWPVEYnQD
WLAKEDQFPVRPTE,-MMMM--------?,WLAKEDQFPVRPTE
EEPLLKHWFAWDQN,----M---C--M-?,EEPnLKHWFAWDQN
QVILKINSYNLWAD,--------M----?,QVILKINSYNnWAD
TWRGVSWNSEDILT,?---------?--?,TWRGVSWNSEDILT
FRIHGFDEAHNAWL,--MM-M--M-MMM?,FRIHGFDEAHNAWn
TDHRSHVGLYWTLN,----------C-M?,TDHRSHVGnYWTLN
TQNGYPNLAWPGDI,C-----------M?,TQNGYPNLAWPGDI
TEIWEPIDRGPWRF,--------MC---?,TEIWEPIDRGPWRF
LTHGRPEDTAQFWG,--M---------M?,LTHGRPEDTAQFWG
WTILGPDAFNLYAL,--MM----M-?MM?,WTInGPDAFNLYAL
KWLIHPTFSYLRWP,-M-MM--MMMM-M?,KWLIHPTFSYnRWP
QTRDQNKVGEAAWY,??M?M--------?,QTRDQNKVGEAAWY
REANYHEQSIGGWE,-CM-M--------?,REANYHEQSIGGWE
INDFLVRTWKLPGL,MM--M-M-M-M--?,INDFLVRTWKnPGL
RNLEFKHDWYGTPL,--M-M---MM---?,RNnEFKHDWYGTPL
VFIDLRWLAYEEPW,M-M?C--MMM?CM?,VFIDLRWnAYEEPW
FNEYALWRLDIIPE,---M----M----?,FNEYAnWRLDIIPE
YQLLTLNEIFRKWH,----CM--M-M-M?,YQLLTnNEIFRKWH
FLKAHSDVWPYQDA,---MC-------??,FLKAHSDVWPYQDA
LEYFPIWEVNDDVK,CC--------M?-?,LEYFPIWEVNDDVK
YWLSTHLAGKRRDW,----------M-M?,YWnSTHLAGKRRDW
LWQPVSARINTTFD,------MC----M?,LWQPVSARINTTFD
LNLKWTRVLFDGYQ,--MMMMMM-M?-M?,LNnKWTRVLFDGYQ
LDQIYKLSNWFFEQ,M?MM--MCMMM?-?,nDQIYKLSNWFFEQ
PWKDLRQQYLNTGE,---?M--M-MM--?,PWKDnRQQYLNTGE
DAWAPLVIKKESSI,M-M-------MM-?,DAWAPnVIKKESSI
WEIRDLKNLAPAND,--M-?M------M?,WEIRDnKNLAPAND
WHSVQPQEYEGDNN,-----------?-?,WHSVQPQEYEGDNN
WDAGLFNYNQLRGF,-?--------M--?,WDAGLFNYNQnRGF
WLDLSPTPFNIGYK,MM?M------MCM?,WnDLSPTPFNIGYK
DQVNLTEHRSDSEK,-------------?,DQVNLTEHRSDSEK
PLTSNLQADWDFNR,--MM-MCC---MC?,PLTSNLQADWDFNR
NLRPFKHDVQVLLE,-----------I-?,NnRPFKHDVQVnLE
DWFNAGRGHELNLQ,--------MCM-M?,DWFNAGRGHEnNLQ
NGHPWEIGLTLALW,----------MM-?,NGHPWEIGLTLALW
NDNTIVYGFLPEIW,-?-----------?,NDNTIVYGFLPEIW
QAVRPNGLYWHYLL,---M-----MMM??,QAVRPNGnYWHYLn
QWYAFRSTLVTNIY,M---M--------?,QWYAFRSTnVTNIY
NNFVKAGKSWQDIP,?--------M-?-?,NNFVKAGKSWQDIP
QNALDASHQTHVLL,?-MM-----C-C-?,QNALDASHQTHVLL
VYHKWDTQDPNLDH,?-MM-M--?--MM?,VYHKWDTQDPNLDH
HLDWPQKPRIGHEL,---------M---?,HLDWPQKPRIGHEn
QHSHDSWKAETIEP,I------------?,QHSHDSWKAETIEP
RTQKEYQFVTYKLD,--MM------M-??,RTQKEYQFVTYKnD
LVATVYEFGHIDHL,??MM-------?-?,LVATVYEFGHIDHn
LLDKLLNWPQRRGL,M--MM--M--CM-?,nLDKLnNWPQRRGn
AVRAVEGIKLWQSL,?-MMM--C-MMMM?,AVRAVEGIKnWQSn
GIQSTYFHDLNPYL,---M---C-M---?,GIQSTYFHDLNPYn
SLNQAYGDLPSVDL,?------------?,SLNQAYGDnPSVDn
FIVFILWRTEHHAL,---------?M--?,FIVFILWRTEHHAn
KVHLPAEILQTTQL,---M------CM-?,KVHLPAEInQTTQn
ELFDNRVGKWSYRL,-MMM-----M-MM?,ELFDNRVGKWSYRn
NLSEDWAFKPTGPL,??MM-C-------?,NLSEDWAFKPTGPn
HIGLQVHLRYINVL,-----M-CM----?,HIGLQVHnRYINVn
PVIWTHNAGLSFLL,M----M-M---MM?,PVIWTHNAGnSFnn
VLFLREKQYDPVSL,--MMM-C--?---?,VnFLREKQYDPVSL
GLYYKRFLAHWVGI,-----CMM-----?,GnYYKRFnAHWVGI
LLVDQELSGNTIKV,-MM--------M-?,nnVDQELSGNTIKV
ALTDRGWYLAIQAV,--------M-CMM?,AnTDRGWYLAIQAV
SLQFNVKSHPEELV,---M---C---MM?,SnQFNVKSHPEELV
RLENYLVLTKAAPV,-M-M-----MMM-?,RnENYnVLTKAAPV
YLDSIRHQGPFWLL,-M?-M-MM---CM?,YnDSIRHQGPFWnL
DLFPGQHRISDAEL,C------CC-?--?,DnFPGQHRISDAEL
QLKKTLVLYNEWNL,---MM--------?,QnKKTLVnYNEWNL
PLEPHSKVNFQQHI,?-----M--M---?,PnEPHSKVNFQQHI
HLIALYWGRDTLFI,M?M-M------C-?,HnIALYWGRDTnFI
LGNNGSLEQDVWIA,-------------?,nGNNGSLEQDVWIA
LGWHALFRKYPILA,------------I?,LGWHAnFRKYPInA
SGPDYQKERLFFWA,---C---C-C-MM?,SGPDYQKERLFFWA
FGSLGANHTWVVKA,?M-MMM-M-MMMM?,FGSnGANHTWVVKA
DGIYRLHVQLGGAA,?----CM--M-?-?,DGIYRnHVQLGGAA
HGTPKFAWDESNGA,-?--------C?-?,HGTPKFAWDESNGA
AGSWKGVRNDFTEA,-?----C---M--?,AGSWKGVRNDFTEA
PGTQLIEAPLHYSA,-?--M-M----M-?,PGTQnIEAPLHYSA
QGHETRWLIFVSNA,----M-----MMM?,QGHETRWLIFVSNA
RGSPLDGYAQNKHA,-?C-------?MM?,RGSPnDGYAQNKHA
GGLLDHFYTSQIPA,-I-----------?,GGLLDHFYTSQIPA
SALLKIGEVARPLG,??MMM---CMM--?,SAnnKIGEVARPLG
IARQPWNLLKDDLG,--CM---MM-M?-?,IARQPWNnLKDDnG
LAIHGFEYVTASRG,--MMM-----C-??,nAIHGFEYVTASRG
WAGTAKNSSADIQG,----------?M??,WAGTAKNSSADIQG
EAWLTFIVPPRSAG,--C--------MM?,EAWnTFIVPPRSAG
HAWFSVIIPNLGDG,----------I-??,HAWFSVIIPNLGDG
AAPYHKLETNITSG,-------------?,AAPYHKnETNITSG
NAKHYSRQWWELFG,---MM-------M?,NAKHYSRQWWEnFG
PASQTARWNDVDGG,-?-MMC----M?-?,PASQTARWNDVDGG
KARSAFAELWPDHG,--M-M----M---?,KARSAFAEnWPDHG
GASTSPHLIWAKPG,-?--?----MM--?,GASTSPHnIWAKPG
GSQVFSWLNHYHRK,M--------MMM-?,GSQVFSWLNHYHRK
HTNKRISQWLWEIR,---MMM------M?,HTNKRISQWnWEIR
LSYQWQNSDPKAGR,C-MC-------M-?,nSYQWQNSDPKAGR
ASLRIYIEPETFDK,--MM--M----M??,ASnRIYIEPETFDK
KSHTNDLPLISVLR,-?MMMMM--M-MM?,KSHTNDLPLISVnR
NTLIQVPVKHEGPK,-MC------C---?,NTLIQVPVKHEGPK
VSPAPTYGRLWIHK,--------MMMM-?,VSPAPTYGRLWIHK
PSFNLYGYDLQTAK,??MMMM-----M-?,PSFNnYGYDLQTAK
YTRLNGEAVLFLSK,--MM?-C--MCM-?,YTRLNGEAVnFnSK
ESIEYKGKPTRWQR,-----------M-?,ESIEYKGKPTRWQR
SSGLLNIHFKFDWR,--------M-M-M?,SSGnLNIHFKFDWR
IKVYDWAFRIRSGT,--MM-C-M-M?--?,IKVYDWAFRIRSGT
GRDLHTVTAESLLS,---M-------MM?,GRDLHTVTAESLnS
LRAYKEQTNGNHVS,-------------?,nRAYKEQTNGNHVS
AKGLGPFHIVKWAS,M--M----MM-M-?,AKGnGPFHIVKWAS
RKWQSPQVDLYDKS,---MC--MMMMM-?,RKWQSPQVDLYDKS
QKESAEYNPTRLHS,---M-------M-?,QKESAEYNPTRLHS
DKQFTKGPKYEHSS,----------M--?,DKQFTKGPKYEHSS
SKLGQRPTDNYEPS,--------M----?,SKLGQRPTDNYEPS
HRRVYLTSPKAPES,--MMM--------?,HRRVYLTSPKAPES
WKPHDVLGSRGLYT,--------CM--M?,WKPHDVnGSRGLYT
PKDRWHTWLKIFNT,---MMM--C----?,PKDRWHTWnKIFNT
LFNDVNIFEIHGVD,C-----C---?-M?,LFNDVNIFEIHGVD
SFIEPDVSQVKHLE,-----------M-?,SFIEPDVSQVKHnE
GWKTLADSQESARD,------M---MM??,GWKTnADSQESARD
EWHNFHLAIGARSD,-?-M------M--?,EWHNFHnAIGARSD
FYAWKFGIFYLNGD,M-MC-----MM-??,FYAWKFGIFYLNGD
KYVLGWLNTSRQAE,--MMM-C-MM---?,KYVLGWLNTSRQAE
LYFKYIWYVQTADD,--MM----M-MCM?,nYFKYIWYVQTADD
AYNLWSLYRLIRQE,CM--M---M-M--?,AYNnWSLYRnIRQE
NFLAFLKWHEGQYE,--MM-M-M-----?,NFnAFnKWHEGQYE
DDRQKEYSWLNLIQ,C--------M---?,DDRQKEYSWnNLIQ
RDLVDHIGPTAAYH,-?M-MC----M--?,RDLVDHIGPTAAYH
GHTFQESLLDIPKQ,-?-M--C------?,GHTFQESnLDIPKQ
PNITREWLHPFKVH,--MMM-MM----M?,PNITREWLHPFKVH
WQKSNDGAQYLLGQ,---------MMM??,WQKSNDGAQYnnGQ
IQLDPRYNHTQQFP,---?---C-----?,IQnDPRYNHTQQFP
APSLIAKWVGFEPH,?--MMMMMM-MM-?,APSLIAKWVGFEPH
PDFYLGRSVPQWHE,--MMM-M-M--M-?,PDFYLGRSVPQWHE
PYWDTKLHAENIAQ,--M?M------M-?,PYWDTKnHAENIAQ
LPNGQLIRWHFSEN,M-----CM?-M--?,LPNGQnIRWHFSEN
VHSDAYVTELPKTN,-?-?--------??,VHSDAYVTELPKTN
LPEEVASHRLGKNF,-------C-MM--?,nPEEVASHRnGKNF
GPKLTYDFWIQNLP,---MM---M-C-??,GPKLTYDFWIQNLP
NHQLAWGEDRNTFY,---MM-------C?,NHQLAWGEDRNTFY
AETSIKVFLPYYGH,?-MMM-CM---M-?,AETSIKVFnPYYGH
VDYIEHKDQVRRLN,-----M------M?,VDYIEHKDQVRRnN
LHSPWTLANFLRGP,??----M-CMMM-?,nHSPWTnANFLRGP
HQVVQDKHEIYGDP,-----C------??,HQVVQDKHEIYGDP
GQYPLFVKISTTHW,M------MM-CM-?,GQYPnFVKISTTHW
PPNRDEGWALQHTF,??-?M--M-C-CC?,PPNRDEGWALQHTF
NQIIWFDYTLKGEH,?------------?,NQIIWFDYTLKGEH
QPGLRHSAVEPNGW,-?-MCCC------?,QPGnRHSAVEPNGW
KHPLETVYADSSEW,-M-----M-?---?,KHPLETVYADSSEW
LEFHWRILQGKKAP,-------M-M---?,nEFHWRInQGKKAP
AQNEAHLKTDWWAY,M--M------MM-?,AQNEAHnKTDWWAY
GDQPVSRGLYFITH,-??--MM-M----?,GDQPVSRGLYFITH
YEQTHNYRPDLEWQ,----M----MM--?,YEQTHNYRPDnEWQ
TNLYQAGDNSKFQP,?--------C-M-?,TNnYQAGDNSKFQP
ENFPHLWERTIVNH,--------M--M-?,ENFPHLWERTIVNH
KQDDLLSEQFTNLY,-??MC----MC-??,KQDDLnSEQFTNnY
TPHHVNWYKRAPNQ,-?-----C--M--?,TPHHVNWYKRAPNQ
THATPGIHDVLLRP,?-M---?-MC-MM?,THATPGIHDVLLRP
FPNLWSYEKQRFHP,?--------MMM-?,FPNnWSYEKQRFHP
PHWQRVIFFRLNTP,--M-M---M-MC-?,PHWQRVIFFRLNTP
QEGHQSNKPPAFLH,-----C-----MM?,QEGHQSNKPPAFnH
DPGSFKNNPIDWHH,??--------MM-?,DPGSFKNNPIDWHH
EHPELVHYQINQKH,-?-----M-M-CM?,EHPEnVHYQINQKH
RPVLEFATGGYHPN,??MMM-M---M--?,RPVnEFATGGYHPN
HHFTQRAGILKLLP,--M--M-----M-?,HHFTQRAGILKLnP
YHFQFPLHNGRVPD,---MM----M---?,YHFQFPnHNGRVPD
